ID,NAME,UPLOAD_DATE,UPLOADER
1,short1_1,26-JUN-18,a@gmail
2,short1_2,26-JUN-18,a@gmail
3,short1_3,26-JUN-18,a@gmail
4,short2_1,26-JUN-18,b@gmail
5,short2_2,26-JUN-18,b@gmail
6,short2_3,26-JUN-18,b@gmail
7,short3_1,26-JUN-18,c@gmail
8,short3_2,26-JUN-18,c@gmail
9,short3_3,26-JUN-18,c@gmail
10,short4_1,26-JUN-18,d@gmail
11,short4_2,26-JUN-18,d@gmail
12,short4_3,26-JUN-18,d@gmail
13,short5_1,26-JUN-18,e@gmail
14,short5_2,26-JUN-18,e@gmail
15,short5_3,26-JUN-18,e@gmail
16,short6_1,26-JUN-18,f@gmail
17,short6_2,26-JUN-18,f@gmail
18,short6_3,26-JUN-18,f@gmail
19,short7_1,26-JUN-18,g@gmail
20,short7_2,26-JUN-18,g@gmail
21,short7_3,26-JUN-18,g@gmail
22,short8_1,26-JUN-18,h@gmail
23,short8_2,26-JUN-18,h@gmail
24,short8_3,26-JUN-18,h@gmail
25,short9_1,26-JUN-18,i@gmail
26,short9_2,26-JUN-18,i@gmail
27,short9_3,26-JUN-18,i@gmail
28,short10_1,26-JUN-18,j@gmail
29,short10_2,26-JUN-18,j@gmail
30,short10_3,26-JUN-18,j@gmail
